track_n,slice_n,x,y
1,1,0,0
1,2,-6.331,6.331
1,3,-6.331,15.827
1,4,-8.441,21.103
1,5,-10.551,30.599
1,6,-3.165,37.985
1,7,-1.055,41.15
1,8,11.606,50.646
1,9,23.213,55.922
1,10,35.874,62.253
1,11,42.205,60.142
1,12,52.756,60.142
1,13,62.252,66.473
1,14,64.363,68.583
1,15,79.134,68.583
1,16,86.52,71.749
1,17,99.182,73.859
1,18,99.182,78.08
1,19,111.843,80.19
1,20,112.898,83.355
1,21,129.78,83.355
1,22,136.111,81.245
1,23,144.552,84.41
1,24,152.993,87.576
1,25,156.159,90.741
1,26,170.93,91.796
1,27,175.151,92.851
1,28,186.757,92.851
1,29,187.812,94.962
1,30,199.419,97.072
1,31,201.529,104.458
1,32,209.97,100.237
1,33,222.632,104.458
1,34,232.128,105.513
1,35,245.844,105.513
1,36,254.285,96.017
1,37,259.561,89.686
2,1,0,0
2,2,3.166,2.11
2,3,-1.055,2.11
2,4,-2.11,2.11
2,5,-2.11,2.11
2,6,2.111,2.11
2,7,3.166,-2.11
2,8,6.331,-5.276
2,9,13.717,-8.441
2,10,17.938,-11.607
2,11,24.268,-14.772
2,12,24.268,-16.882
2,13,31.654,-16.882
2,14,34.82,-15.827
2,15,39.04,-25.323
2,16,50.647,-28.489
2,17,53.812,-28.489
2,18,66.473,-27.433
2,19,69.639,-30.599
2,20,77.025,-31.654
2,21,85.466,-36.93
2,22,86.521,-43.26
2,23,91.796,-44.315
2,24,101.293,-46.426
2,25,103.403,-43.26
2,26,110.789,-37.985
2,27,115.009,-37.985
2,28,117.119,-42.205
2,29,119.23,-43.26
2,30,126.616,-48.536
2,31,131.891,-46.426
2,32,137.167,-46.426
2,33,144.553,-48.536
2,34,151.939,-45.371
2,35,154.049,-45.371
2,36,156.159,-49.591
2,37,162.49,-50.646
3,1,0,0
3,2,2.11,0
3,3,7.386,3.165
3,4,10.551,9.496
3,5,10.551,9.496
3,6,14.772,7.386
3,7,15.827,5.275
3,8,27.433,5.275
3,9,34.819,5.275
3,10,40.095,5.275
3,11,49.591,4.22
3,12,62.252,3.165
3,13,62.252,3.165
3,14,66.473,4.22
3,15,75.969,1.055
3,16,82.3,-2.11
3,17,88.631,-4.221
3,18,99.182,-1.055
3,19,107.623,0
3,20,111.843,0
3,21,116.064,-8.441
3,22,122.395,-15.827
3,23,132.946,-18.992
3,24,139.277,-13.717
3,25,146.662,-12.662
3,26,152.993,-9.496
3,27,157.214,-9.496
3,28,163.545,-11.607
3,29,168.82,-12.662
3,30,176.206,-14.772
3,31,187.812,-13.717
3,32,195.198,-14.772
3,33,198.364,-16.882
3,34,213.135,-16.882
3,35,223.687,-16.882
3,36,231.073,-15.827
3,37,234.238,-15.827
4,1,0,0
4,2,8.441,1.055
4,3,20.047,3.166
4,4,27.433,6.331
4,5,36.929,6.331
4,6,49.591,8.441
4,7,54.866,5.276
4,8,65.417,5.276
4,9,82.299,9.496
4,10,85.465,14.772
4,11,86.52,15.827
4,12,98.126,12.662
4,13,112.898,11.607
4,14,121.339,11.607
4,15,130.835,8.441
4,16,138.221,8.441
4,17,141.387,16.882
4,18,146.662,28.489
4,19,155.103,36.93
4,20,162.489,46.426
4,21,170.93,52.757
4,22,174.095,55.922
4,23,183.592,62.253
4,24,193.088,66.473
4,25,207.86,69.639
4,26,209.97,73.859
4,27,228.962,75.969
4,28,238.458,74.914
4,29,246.899,73.859
4,30,252.175,73.859
4,31,260.616,72.804
4,32,269.057,72.804
4,33,277.498,71.749
4,34,289.104,65.418
4,35,298.6,61.198
4,36,302.821,59.087
4,37,308.097,55.922
5,1,0,0
5,2,0,-3.165
5,3,2.11,-3.165
5,4,7.386,3.166
5,5,8.441,6.331
5,6,22.158,10.552
5,7,22.158,7.386
5,8,29.544,7.386
5,9,34.819,6.331
5,10,39.04,5.276
5,11,39.04,5.276
5,12,39.04,3.166
5,13,46.426,-1.055
5,14,54.867,-1.055
5,15,58.032,-3.165
5,16,69.638,-3.165
5,17,69.638,-3.165
5,18,72.804,-1.055
5,19,78.079,-4.22
5,20,82.3,-2.11
5,21,87.576,-2.11
5,22,93.906,-5.275
5,23,98.127,-8.441
5,24,107.623,-7.386
5,25,109.733,-6.331
5,26,117.119,-2.11
5,27,124.505,-2.11
5,28,128.726,-8.441
5,29,135.056,-10.551
5,30,140.332,-9.496
5,31,140.332,-7.386
5,32,144.552,-11.606
5,33,146.663,-14.772
5,34,149.828,-14.772
5,35,157.214,-14.772
5,36,158.269,-14.772
5,37,164.6,-13.716
6,1,0,0
6,2,7.386,9.496
6,3,14.772,16.882
6,4,22.158,24.267
6,5,28.488,29.543
6,6,33.764,29.543
6,7,36.929,26.378
6,8,40.095,30.598
6,9,51.701,35.874
6,10,59.087,39.039
6,11,63.308,45.37
6,12,70.693,46.425
6,13,81.245,43.26
6,14,89.686,43.26
6,15,102.347,43.26
6,16,105.513,39.039
6,17,113.954,39.039
6,18,117.119,41.15
6,19,121.339,34.819
6,20,128.725,29.543
6,21,138.221,23.212
6,22,148.773,16.882
6,23,159.324,22.157
6,24,168.82,26.378
6,25,170.93,31.653
6,26,179.371,33.764
6,27,193.088,32.708
6,28,206.805,31.653
6,29,207.86,30.598
6,30,217.356,24.267
6,31,227.907,25.323
6,32,236.348,25.323
6,33,245.844,22.157
6,34,256.396,18.992
6,35,263.782,18.992
6,36,271.167,20.047
6,37,277.498,16.882
7,1,0,0
7,2,1.055,-4.221
7,3,13.717,-5.276
7,4,17.937,1.055
7,5,20.047,-5.276
7,6,25.323,-7.386
7,7,34.819,-9.496
7,8,46.426,-10.552
7,9,54.867,-10.552
7,10,66.473,-11.607
7,11,75.969,-13.717
7,12,85.465,-17.937
7,13,91.796,-21.103
7,14,103.402,-20.048
7,15,112.899,-22.158
7,16,124.505,-27.434
7,17,124.505,-30.599
7,18,139.277,-33.764
7,19,142.442,-36.93
7,20,146.663,-41.15
7,21,152.993,-45.371
7,22,167.765,-52.757
7,23,169.875,-54.867
7,24,174.096,-58.032
7,25,185.702,-61.198
7,26,193.088,-61.198
7,27,194.143,-61.198
7,28,200.474,-62.253
7,29,209.97,-63.308
7,30,216.301,-65.418
7,31,226.852,-65.418
7,32,239.514,-67.528
7,33,249.01,-69.639
7,34,256.396,-71.749
7,35,266.947,-71.749
7,36,268.002,-70.694
7,37,276.443,-68.583
8,1,0,0
8,2,-5.276,-4.22
8,3,-5.276,-4.22
8,4,-5.276,-3.165
8,5,4.221,-1.055
8,6,11.606,-5.275
8,7,11.606,-7.385
8,8,18.992,-11.606
8,9,24.268,-12.661
8,10,30.599,-12.661
8,11,36.93,-17.937
8,12,40.095,-26.378
8,13,40.095,-29.543
8,14,58.032,-36.929
8,15,67.528,-43.26
8,16,71.749,-51.701
8,17,83.355,-52.756
8,18,86.52,-56.976
8,19,88.631,-59.087
8,20,90.741,-60.142
8,21,93.906,-67.528
8,22,101.292,-80.189
8,23,115.009,-87.575
8,24,115.009,-89.685
8,25,112.899,-89.685
8,26,112.899,-89.685
8,27,112.899,-88.63
8,28,112.899,-91.796
8,29,112.899,-94.961
8,30,112.899,-96.016
8,31,121.34,-97.071
8,32,121.34,-100.237
8,33,126.615,-101.292
8,34,132.946,-101.292
8,35,137.167,-103.402
8,36,141.387,-102.347
8,37,146.663,-104.457
9,1,0,0
9,2,1.055,-10.551
9,3,0,-18.992
9,4,3.165,-30.599
9,5,6.33,-37.985
9,6,9.496,-37.985
9,7,11.606,-46.426
9,8,11.606,-54.867
9,9,15.826,-56.977
9,10,22.157,-52.756
9,11,30.598,-52.756
9,12,40.094,-52.756
9,13,47.48,-53.812
9,14,54.866,-51.701
9,15,62.252,-53.812
9,16,63.307,-59.087
9,17,64.362,-61.197
9,18,71.748,-61.197
9,19,78.079,-61.197
9,20,83.355,-55.922
9,21,92.851,-56.977
9,22,94.961,-58.032
9,23,97.071,-61.197
9,24,104.457,-64.363
9,25,108.678,-64.363
9,26,116.063,-64.363
9,27,116.063,-64.363
9,28,118.174,-64.363
9,29,126.615,-68.583
9,30,134.001,-71.749
9,31,145.607,-73.859
9,32,147.717,-73.859
9,33,150.883,-78.08
9,34,157.213,-78.08
9,35,169.875,-80.19
9,36,170.93,-78.08
9,37,179.371,-70.694
10,1,0,0
10,2,1.055,0
10,3,1.055,-2.111
10,4,7.386,-3.166
10,5,7.386,-3.166
10,6,8.441,-3.166
10,7,15.827,-3.166
10,8,16.882,-3.166
10,9,16.882,-3.166
10,10,26.378,-3.166
10,11,34.819,-3.166
10,12,34.819,-3.166
10,13,31.654,-5.276
10,14,34.819,-5.276
10,15,35.875,-8.441
10,16,41.15,-9.497
10,17,44.316,-15.827
10,18,46.426,-11.607
10,19,48.536,-11.607
10,20,50.646,-5.276
10,21,53.812,-7.386
10,22,54.867,-10.552
10,23,55.922,-15.827
10,24,60.142,-15.827
10,25,60.142,-12.662
10,26,60.142,-12.662
10,27,63.308,-12.662
10,28,66.473,-14.772
10,29,74.914,-16.882
10,30,74.914,-18.993
10,31,78.08,-18.993
10,32,79.135,-18.993
10,33,84.41,-20.048
10,34,96.017,-20.048
10,35,98.127,-20.048
10,36,98.127,-20.048
10,37,101.292,-13.717
11,1,0,0
11,2,6.433,7.352
11,3,10.109,9.189
11,4,19.299,16.541
11,5,30.326,14.703
11,6,38.597,11.027
11,7,35.84,10.108
11,8,33.083,7.352
11,9,34.002,3.676
11,10,35.84,-3.676
11,11,34.002,-10.109
11,12,43.192,-14.704
11,13,51.463,-17.461
11,14,51.463,-30.326
11,15,50.544,-36.759
11,16,54.22,-49.625
11,17,59.733,-55.139
11,18,61.571,-64.328
11,19,65.247,-71.68
11,20,72.599,-78.113
11,21,72.599,-87.303
11,22,81.789,-95.574
11,23,85.465,-103.844
11,24,88.222,-107.52
11,25,98.33,-113.953
11,26,106.601,-115.791
11,27,112.115,-127.738
11,28,116.71,-132.333
11,29,118.548,-141.522
11,30,125.9,-146.117
11,31,129.575,-153.469
11,32,125.9,-167.254
11,33,127.737,-174.605
11,34,131.413,-181.038
11,35,131.413,-192.066
11,36,135.089,-202.175
11,37,129.575,-207.688
12,1,0,0
12,2,7.352,0.919
12,3,14.704,4.595
12,4,22.056,6.433
12,5,30.326,6.433
12,6,37.678,2.757
12,7,43.192,1.838
12,8,53.301,4.595
12,9,60.653,6.433
12,10,71.68,2.757
12,11,78.113,-0.919
12,12,82.708,-0.919
12,13,89.141,-1.838
12,14,97.411,-5.514
12,15,106.601,-4.595
12,16,115.791,-4.595
12,17,125.9,-2.757
12,18,125.9,-4.595
12,19,136.927,-4.595
12,20,141.522,-4.595
12,21,148.874,-4.595
12,22,153.469,-7.352
12,23,159.902,-5.514
12,24,166.335,-2.757
12,25,173.686,2.757
12,26,181.038,0.919
12,27,184.714,-4.595
12,28,192.066,-4.595
12,29,203.094,-2.757
12,30,205.85,2.757
12,31,213.202,2.757
12,32,218.716,0
12,33,226.987,3.676
12,34,233.42,7.352
12,35,237.096,10.108
12,36,244.447,10.108
12,37,241.69,12.865
13,1,0,0
13,2,4.595,0.919
13,3,14.703,10.109
13,4,21.136,19.299
13,5,30.326,22.975
13,6,34.921,27.57
13,7,40.435,29.408
13,8,56.057,36.759
13,9,66.166,44.111
13,10,74.437,53.301
13,11,73.518,69.842
13,12,79.032,72.599
13,13,85.464,85.465
13,14,94.654,91.898
13,15,105.682,95.574
13,16,112.115,99.25
13,17,124.98,108.439
13,18,131.413,111.196
13,19,142.441,114.872
13,20,152.55,113.034
13,21,162.658,111.196
13,22,170.01,102.925
13,23,184.714,103.844
13,24,190.227,110.277
13,25,201.255,108.439
13,26,207.688,111.196
13,27,215.04,107.52
13,28,223.311,100.169
13,29,235.257,97.412
13,30,238.933,101.088
13,31,249.961,104.763
13,32,257.313,98.331
13,33,268.34,97.412
13,34,272.935,101.088
13,35,279.368,95.574
13,36,290.396,92.817
13,37,297.747,91.898
14,1,0,0
14,2,11.946,1.838
14,3,27.569,0.919
14,4,35.84,-4.594
14,5,45.029,-11.027
14,6,54.219,-19.298
14,7,67.085,-16.541
14,8,78.112,-17.46
14,9,87.302,-18.379
14,10,96.492,-23.893
14,11,102.006,-34.921
14,12,111.196,-46.867
14,13,118.547,-49.624
14,14,131.413,-49.624
14,15,133.251,-55.138
14,16,136.927,-56.976
14,17,144.279,-50.543
14,18,149.792,-55.138
14,19,155.306,-58.814
14,20,158.982,-65.247
14,21,166.334,-71.68
14,22,169.091,-78.112
14,23,179.2,-80.869
14,24,185.632,-79.95
14,25,187.47,-79.031
14,26,190.227,-81.788
14,27,192.984,-86.383
14,28,204.012,-94.654
14,29,207.688,-96.492
14,30,213.202,-96.492
14,31,217.797,-94.654
14,32,223.31,-98.33
14,33,230.662,-93.735
14,34,234.338,-93.735
14,35,238.014,-92.816
14,36,243.528,-91.897
14,37,243.528,-88.221
15,1,0,0
15,2,-0.919,-3.676
15,3,-0.919,-7.352
15,4,-0.919,-11.028
15,5,11.946,-11.028
15,6,13.784,-17.461
15,7,20.217,-21.137
15,8,27.569,-23.894
15,9,34.921,-30.327
15,10,42.272,-33.084
15,11,52.381,-34.003
15,12,60.652,-35.84
15,13,68.923,-38.597
15,14,70.761,-38.597
15,15,79.95,-40.435
15,16,87.302,-38.597
15,17,95.573,-32.165
15,18,101.087,-28.489
15,19,112.115,-22.056
15,20,116.709,-19.299
15,21,126.818,-20.218
15,22,134.17,-22.975
15,23,143.36,-20.218
15,24,152.549,-16.542
15,25,158.063,-11.947
15,26,161.739,-11.028
15,27,169.091,-12.866
15,28,175.524,-8.271
15,29,181.038,-7.352
15,30,188.389,-3.676
15,31,192.984,1.837
15,32,195.741,5.513
15,33,204.012,7.351
15,34,200.336,7.351
15,35,202.174,7.351
15,36,201.255,3.675
15,37,204.012,2.756
16,1,0,0
16,2,8.271,6.433
16,3,13.785,6.433
16,4,23.894,12.866
16,5,38.597,11.947
16,6,43.192,13.784
16,7,55.139,16.541
16,8,68.004,17.46
16,9,77.194,20.217
16,10,86.384,22.055
16,11,92.817,21.136
16,12,105.682,20.217
16,13,120.386,20.217
16,14,132.333,21.136
16,15,141.522,17.46
16,16,147.955,12.866
16,17,159.902,18.379
16,18,170.93,16.541
16,19,180.119,14.703
16,20,192.985,14.703
16,21,200.337,12.866
16,22,208.607,8.271
16,23,222.392,4.595
16,24,237.096,5.514
16,25,244.447,10.109
16,26,255.475,12.866
16,27,259.151,6.433
16,28,269.26,3.676
16,29,277.531,0.919
16,30,287.639,3.676
16,31,297.748,3.676
16,32,299.586,-1.838
16,33,306.938,0.919
16,34,317.965,-2.757
16,35,325.317,-9.19
16,36,328.993,-14.704
16,37,335.426,-12.866
17,1,0,0
17,2,9.19,6.433
17,3,15.622,12.866
17,4,22.055,23.894
17,5,30.326,30.327
17,6,35.84,35.84
17,7,44.111,42.273
17,8,49.624,43.192
17,9,52.381,34.922
17,10,53.3,34.922
17,11,52.381,25.732
17,12,53.3,13.785
17,13,56.057,1.838
17,14,56.976,-11.027
17,15,59.733,-18.379
17,16,57.895,-20.217
17,17,56.976,-24.812
17,18,58.814,-27.569
17,19,58.814,-41.353
17,20,60.652,-56.976
17,21,53.3,-68.923
17,22,49.624,-82.707
17,23,46.868,-88.221
17,24,44.111,-93.735
17,25,41.354,-100.168
17,26,42.273,-110.276
17,27,45.949,-119.466
17,28,47.787,-129.575
17,29,49.624,-136.008
17,30,60.652,-137.846
17,31,60.652,-139.684
17,32,71.68,-142.441
17,33,79.032,-136.008
17,34,86.383,-137.846
17,35,90.059,-139.684
17,36,99.249,-130.494
17,37,101.087,-127.737
18,1,0,0
18,2,3.675,3.676
18,3,5.513,11.028
18,4,10.108,21.136
18,5,18.379,29.407
18,6,17.46,36.759
18,7,18.379,40.435
18,8,21.136,51.462
18,9,25.731,59.733
18,10,29.407,67.085
18,11,30.326,75.356
18,12,34.921,79.032
18,13,37.677,84.545
18,14,42.272,90.978
18,15,47.786,98.33
18,16,49.624,102.006
18,17,54.219,106.601
18,18,59.733,112.115
18,19,65.247,113.953
18,20,74.436,111.196
18,21,85.464,107.52
18,22,94.654,96.492
18,23,100.168,104.763
18,24,105.682,102.006
18,25,111.195,99.249
18,26,116.709,99.249
18,27,121.304,93.735
18,28,128.656,88.221
18,29,134.17,82.708
18,30,136.008,82.708
18,31,141.522,86.383
18,32,146.116,78.113
18,33,155.306,68.004
18,34,158.063,64.328
18,35,169.091,65.247
18,36,179.2,56.976
18,37,181.037,58.814
19,1,0,0
19,2,7.351,0
19,3,15.622,1.838
19,4,26.65,3.676
19,5,33.083,5.514
19,6,45.029,5.514
19,7,51.462,5.514
19,8,58.814,5.514
19,9,58.814,5.514
19,10,68.923,2.757
19,11,76.274,0.919
19,12,81.788,-3.676
19,13,87.302,-3.676
19,14,95.573,-3.676
19,15,98.33,-5.514
19,16,103.844,-7.352
19,17,112.114,-8.271
19,18,120.385,-11.028
19,19,126.818,-11.946
19,20,132.332,-11.028
19,21,136.008,-14.703
19,22,141.522,-18.379
19,23,151.63,-22.974
19,24,158.982,-22.055
19,25,160.82,-19.298
19,26,166.334,-23.893
19,27,165.415,-29.407
19,28,170.01,-39.516
19,29,180.119,-51.462
19,30,181.957,-54.219
19,31,186.551,-54.219
19,32,193.903,-58.814
19,33,199.417,-55.138
19,34,208.607,-56.976
19,35,216.878,-62.49
19,36,216.878,-62.49
19,37,225.148,-65.247
20,1,0,0
20,2,10.108,6.432
20,3,10.108,11.946
20,4,17.46,19.298
20,5,21.136,22.974
20,6,32.164,26.65
20,7,43.191,28.488
20,8,56.057,23.893
20,9,63.409,22.974
20,10,70.761,19.298
20,11,85.464,17.46
20,12,94.654,16.541
20,13,101.087,10.108
20,14,105.682,4.594
20,15,111.196,-3.676
20,16,118.547,-7.352
20,17,127.737,-10.109
20,18,135.089,-12.866
20,19,143.36,-19.299
20,20,147.036,-19.299
20,21,149.792,-19.299
20,22,159.901,-28.489
20,23,164.496,-32.165
20,24,171.848,-31.246
20,25,177.362,-29.408
20,26,185.632,-27.57
20,27,192.065,-31.246
20,28,193.903,-35.84
20,29,201.255,-34.921
20,30,203.093,-26.651
20,31,209.526,-31.246
20,32,215.959,-40.435
20,33,221.472,-33.084
20,34,226.067,-34.002
20,35,230.662,-37.678
20,36,233.419,-39.516
20,37,239.852,-37.678
21,1,0,0
21,2,0,0
21,3,7.351,-1.838
21,4,16.541,1.838
21,5,25.731,0.919
21,6,36.759,5.514
21,7,44.11,10.109
21,8,48.705,12.866
21,9,56.976,16.541
21,10,66.166,15.622
21,11,70.761,12.866
21,12,76.274,18.379
21,13,83.626,18.379
21,14,88.221,20.217
21,15,91.897,22.055
21,16,91.897,22.055
21,17,102.006,23.893
21,18,105.682,23.893
21,19,113.952,23.893
21,20,117.628,27.569
21,21,126.818,25.731
21,22,128.656,27.569
21,23,133.251,30.326
21,24,139.684,31.245
21,25,144.279,30.326
21,26,149.792,34.002
21,27,158.063,29.407
21,28,164.496,27.569
21,29,170.01,26.65
21,30,177.362,27.569
21,31,181.957,28.488
21,32,186.551,23.893
21,33,193.903,23.893
21,34,200.336,23.893
21,35,206.769,26.65
21,36,214.121,22.974
21,37,220.553,22.974
22,1,0,0
22,2,-4.595,-10.109
22,3,-3.676,-16.542
22,4,-1.838,-25.732
22,5,0.919,-34.921
22,6,4.595,-44.111
22,7,11.947,-51.463
22,8,27.569,-55.139
22,9,34.921,-45.03
22,10,42.273,-42.273
22,11,55.139,-34.921
22,12,63.409,-33.083
22,13,68.004,-25.732
22,14,75.356,-22.056
22,15,79.951,-22.056
22,16,89.141,-23.894
22,17,91.898,-15.623
22,18,102.006,-11.947
22,19,102.006,-13.785
22,20,112.115,-11.947
22,21,118.548,-16.542
22,22,118.548,-15.623
22,23,126.819,-16.542
22,24,131.414,-16.542
22,25,137.846,-11.947
22,26,144.279,-11.028
22,27,147.955,-20.218
22,28,155.307,-22.975
22,29,161.74,-22.975
22,30,166.335,-19.299
22,31,178.281,-22.056
22,32,181.957,-20.218
22,33,190.228,-18.38
22,34,194.823,-18.38
22,35,200.337,-19.299
22,36,204.013,-20.218
22,37,211.364,-18.38
23,1,0,0
23,2,-0.919,8.271
23,3,9.19,22.974
23,4,17.461,34.002
23,5,23.894,36.759
23,6,39.516,38.597
23,7,52.382,35.84
23,8,62.49,29.407
23,9,75.356,23.893
23,10,83.627,16.541
23,11,91.898,12.865
23,12,113.953,11.027
23,13,120.386,12.865
23,14,124.062,9.189
23,15,128.657,5.514
23,16,132.333,1.838
23,17,146.117,-1.838
23,18,154.388,6.433
23,19,163.578,12.865
23,20,174.605,12.865
23,21,181.957,20.217
23,22,192.066,24.812
23,23,200.337,33.083
23,24,211.364,44.111
23,25,220.554,53.3
23,26,231.582,65.247
23,27,235.258,70.761
23,28,243.528,71.68
23,29,258.232,68.004
23,30,272.017,76.275
23,31,281.206,75.356
23,32,291.315,70.761
23,33,306.019,72.599
23,34,311.533,75.356
23,35,321.641,79.032
23,36,338.183,79.032
23,37,340.021,80.869
24,1,0,0
24,2,-1.838,4.595
24,3,-0.919,12.865
24,4,-10.109,20.217
24,5,-2.757,31.245
24,6,6.432,34.921
24,7,10.108,38.597
24,8,20.217,42.272
24,9,32.164,41.354
24,10,39.515,38.597
24,11,49.624,40.435
24,12,50.543,41.354
24,13,56.057,42.272
24,14,62.49,42.272
24,15,68.923,39.516
24,16,78.112,38.597
24,17,89.14,41.354
24,18,88.221,36.759
24,19,92.816,34.921
24,20,98.33,33.083
24,21,104.763,31.245
24,22,110.276,31.245
24,23,117.628,27.569
24,24,123.142,32.164
24,25,128.656,32.164
24,26,140.603,31.245
24,27,144.279,24.812
24,28,147.035,23.893
24,29,150.711,20.217
24,30,162.658,24.812
24,31,167.253,29.407
24,32,170.929,15.622
24,33,177.362,21.136
24,34,182.875,21.136
24,35,190.227,20.217
24,36,196.66,21.136
24,37,199.417,27.569
25,1,0,0
25,2,0,-8.271
25,3,-0.919,-13.785
25,4,-0.919,-17.461
25,5,0,-21.137
25,6,7.352,-27.569
25,7,9.19,-28.488
25,8,0,-22.056
25,9,2.757,-22.056
25,10,3.676,-18.38
25,11,7.352,-21.137
25,12,3.676,-24.812
25,13,2.757,-24.812
25,14,10.109,-21.137
25,15,9.19,-21.137
25,16,11.947,-16.542
25,17,19.299,-13.785
25,18,20.218,-11.028
25,19,31.245,-6.433
25,20,31.245,-6.433
25,21,32.164,-8.271
25,22,40.435,-8.271
25,23,45.949,-8.271
25,24,51.463,-6.433
25,25,63.409,-5.514
25,26,77.194,-3.676
25,27,83.627,-5.514
25,28,94.655,-8.271
25,29,99.249,-11.947
25,30,102.925,-14.704
25,31,109.358,-15.623
25,32,113.953,-22.056
25,33,121.305,-28.488
25,34,129.576,-38.597
25,35,136.008,-42.273
25,36,140.603,-45.03
25,37,150.712,-40.435
26,1,0,0
26,2,3.676,0
26,3,0,7.352
26,4,0,11.028
26,5,-2.757,14.704
26,6,-6.433,11.947
26,7,-0.919,17.461
26,8,3.676,25.731
26,9,12.866,36.759
26,10,18.38,49.625
26,11,19.299,56.977
26,12,20.218,60.652
26,13,24.812,67.085
26,14,31.245,71.68
26,15,34.002,71.68
26,16,36.759,71.68
26,17,37.678,75.356
26,18,39.516,75.356
26,19,44.111,73.518
26,20,50.544,73.518
26,21,56.977,71.68
26,22,58.814,69.842
26,23,66.166,70.761
26,24,69.842,78.113
26,25,74.437,74.437
26,26,79.032,75.356
26,27,80.87,71.68
26,28,87.303,71.68
26,29,93.736,68.923
26,30,99.249,74.437
26,31,101.087,68.923
26,32,102.925,65.247
26,33,107.52,64.328
26,34,116.71,67.085
26,35,119.467,67.085
26,36,120.386,67.085
26,37,123.143,68.923
27,1,0,0
27,2,0,-4.595
27,3,6.433,3.676
27,4,15.623,11.947
27,5,27.569,10.109
27,6,40.435,8.271
27,7,44.111,7.352
27,8,56.058,8.271
27,9,68.004,7.352
27,10,74.437,7.352
27,11,81.789,6.433
27,12,95.574,7.352
27,13,95.574,0.919
27,14,101.087,-1.838
27,15,113.034,-11.027
27,16,117.629,-12.865
27,17,123.143,-5.514
27,18,128.657,-5.514
27,19,132.333,-7.351
27,20,139.684,-5.514
27,21,145.198,-9.189
27,22,154.388,-11.946
27,23,161.74,-15.622
27,24,170.01,-12.865
27,25,179.2,-11.027
27,26,187.471,-7.351
27,27,192.066,-10.108
27,28,198.499,-16.541
27,29,209.526,-15.622
27,30,214.121,-16.541
27,31,219.635,-12.865
27,32,221.473,-17.46
27,33,228.825,-20.217
27,34,240.771,-18.379
27,35,242.609,-21.136
27,36,248.123,-24.812
27,37,257.313,-24.812
28,1,0,0
28,2,3.676,-1.838
28,3,-2.757,-11.947
28,4,-5.514,-18.38
28,5,-8.27,-23.894
28,6,-8.27,-30.327
28,7,-6.433,-39.516
28,8,-10.108,-45.03
28,9,-11.027,-54.22
28,10,-8.27,-56.977
28,11,-5.514,-62.491
28,12,0.919,-68.923
28,13,2.757,-72.599
28,14,12.866,-73.518
28,15,16.542,-78.113
28,16,25.732,-70.761
28,17,35.84,-73.518
28,18,34.921,-77.194
28,19,44.111,-74.437
28,20,49.625,-75.356
28,21,45.949,-81.789
28,22,49.625,-80.87
28,23,57.896,-72.599
28,24,66.166,-68.004
28,25,71.68,-64.329
28,26,76.275,-63.41
28,27,82.708,-62.491
28,28,88.222,-64.329
28,29,96.493,-66.167
28,30,99.25,-63.41
28,31,107.52,-69.842
28,32,112.115,-69.842
28,33,122.224,-68.004
28,34,130.495,-66.167
28,35,135.09,-66.167
28,36,144.279,-69.842
28,37,147.036,-69.842
29,1,0,0
29,2,7.352,-0.919
29,3,18.38,5.514
29,4,26.651,9.19
29,5,34.002,2.757
29,6,44.111,-5.513
29,7,44.111,-6.432
29,8,51.463,-5.513
29,9,59.734,-9.189
29,10,69.842,-9.189
29,11,69.842,-8.27
29,12,79.951,-8.27
29,13,81.789,-11.946
29,14,84.546,-22.055
29,15,95.574,-25.731
29,16,96.493,-28.488
29,17,106.601,-39.515
29,18,109.358,-39.515
29,19,113.034,-41.353
29,20,119.467,-40.434
29,21,124.981,-44.11
29,22,124.981,-51.462
29,23,128.657,-59.733
29,24,131.414,-58.814
29,25,138.765,-53.3
29,26,147.036,-51.462
29,27,147.036,-55.138
29,28,149.793,-62.49
29,29,151.631,-65.247
29,30,154.388,-64.328
29,31,158.064,-64.328
29,32,161.74,-69.842
29,33,169.092,-76.274
29,34,178.281,-79.95
29,35,180.119,-79.031
29,36,182.876,-82.707
29,37,183.795,-84.545
30,1,0,0
30,2,0.919,10.109
30,3,3.676,17.461
30,4,4.595,30.326
30,5,8.271,34.921
30,6,18.38,45.949
30,7,22.056,51.463
30,8,27.57,61.571
30,9,30.327,71.68
30,10,32.164,90.06
30,11,38.597,101.087
30,12,44.111,107.52
30,13,53.301,123.143
30,14,57.896,138.765
30,15,62.491,145.198
30,16,76.275,148.874
30,17,87.303,152.55
30,18,97.412,155.307
30,19,106.601,152.55
30,20,110.277,154.388
30,21,124.981,154.388
30,22,135.09,146.117
30,23,145.198,145.198
30,24,155.307,152.55
30,25,163.578,152.55
30,26,173.687,158.064
30,27,181.957,156.226
30,28,190.228,150.712
30,29,198.499,144.279
30,30,208.608,147.036
30,31,215.04,148.874
30,32,221.473,142.441
30,33,238.015,147.036
30,34,241.691,149.793
30,35,241.691,149.793
30,36,253.637,148.874
30,37,258.232,148.874
31,1,0,0
31,2,0.919,-5.514
31,3,4.595,-13.785
31,4,13.785,-24.812
31,5,23.894,-27.569
31,6,38.597,-28.488
31,7,48.706,-31.245
31,8,59.734,-32.164
31,9,66.167,-37.678
31,10,79.951,-37.678
31,11,92.817,-39.516
31,12,102.007,-45.949
31,13,111.196,-47.787
31,14,123.143,-45.03
31,15,130.495,-45.949
31,16,133.252,-39.516
31,17,152.55,-33.083
31,18,154.388,-27.569
31,19,169.092,-29.407
31,20,178.281,-43.192
31,21,189.309,-43.192
31,22,198.499,-47.787
31,23,205.851,-46.868
31,24,220.554,-46.868
31,25,226.068,-42.273
31,26,236.177,-42.273
31,27,242.61,-50.544
31,28,253.637,-46.868
31,29,256.394,-46.868
31,30,265.584,-41.354
31,31,280.288,-49.625
31,32,295.91,-55.138
31,33,304.181,-50.544
31,34,311.533,-49.625
31,35,321.641,-43.192
31,36,328.993,-41.354
31,37,334.507,-34.921
32,1,0,0
32,2,0,5.513
32,3,5.514,11.946
32,4,14.704,24.812
32,5,22.056,32.164
32,6,32.164,25.731
32,7,45.03,22.974
32,8,50.544,14.703
32,9,67.085,12.865
32,10,79.951,5.513
32,11,87.303,0
32,12,99.249,-4.595
32,13,107.52,-6.433
32,14,114.872,-12.866
32,15,128.657,-25.732
32,16,138.765,-34.921
32,17,133.252,-42.273
32,18,142.441,-54.22
32,19,144.279,-68.004
32,20,145.198,-77.194
32,21,141.522,-94.655
32,22,126.819,-109.358
32,23,121.305,-118.548
32,24,115.791,-128.657
32,25,113.034,-138.765
32,26,116.71,-145.198
32,27,121.305,-162.659
32,28,125.9,-173.687
32,29,126.819,-174.605
32,30,130.495,-178.281
32,31,138.765,-170.011
32,32,146.117,-174.605
32,33,150.712,-170.011
32,34,162.659,-170.93
32,35,174.605,-170.93
32,36,178.281,-173.687
32,37,187.471,-168.173
33,1,0,0
33,2,-10.109,2.757
33,3,-15.623,4.595
33,4,-13.785,18.38
33,5,-10.109,29.408
33,6,0.919,37.678
33,7,10.109,48.706
33,8,29.407,50.544
33,9,38.597,51.463
33,10,45.949,56.977
33,11,52.381,58.815
33,12,60.652,46.868
33,13,60.652,40.435
33,14,70.761,35.84
33,15,79.951,23.894
33,16,88.221,17.461
33,17,104.763,22.975
33,18,108.439,2.757
33,19,124.98,7.352
33,20,134.17,6.433
33,21,147.955,4.595
33,22,156.226,7.352
33,23,162.658,17.461
33,24,172.767,29.408
33,25,189.309,39.516
33,26,196.66,39.516
33,27,210.445,42.273
33,28,222.392,52.382
33,29,232.5,54.22
33,30,239.852,61.572
33,31,255.475,66.167
33,32,260.07,58.815
33,33,274.773,57.896
33,34,287.639,56.058
33,35,294.991,47.787
33,36,312.451,44.111
33,37,314.289,45.03
34,1,0,0
34,2,11.028,5.514
34,3,18.38,12.866
34,4,34.002,12.866
34,5,45.03,16.542
34,6,56.977,13.785
34,7,61.572,11.028
34,8,69.842,8.271
34,9,85.465,10.109
34,10,97.412,16.542
34,11,102.925,12.866
34,12,122.224,0.919
34,13,139.684,11.947
34,14,144.279,12.866
34,15,159.902,11.947
34,16,171.849,12.866
34,17,186.552,21.137
34,18,193.904,14.704
34,19,206.77,17.461
34,20,210.445,12.866
34,21,227.906,10.109
34,22,234.339,5.514
34,23,245.366,9.19
34,24,260.989,18.38
34,25,267.422,19.299
34,26,279.369,20.218
34,27,285.801,23.894
34,28,302.343,28.488
34,29,309.695,22.056
34,30,320.722,26.651
34,31,337.264,26.651
34,32,342.778,24.813
34,33,350.13,20.218
34,34,356.562,34.002
34,35,367.59,33.083
34,36,371.266,36.759
34,37,378.618,45.03
35,1,0,0
35,2,2.757,3.676
35,3,2.757,16.542
35,4,2.757,22.056
35,5,5.514,29.407
35,6,21.137,35.84
35,7,26.65,50.544
35,8,29.407,54.22
35,9,39.516,69.842
35,10,49.625,74.437
35,11,59.734,75.356
35,12,75.356,79.951
35,13,81.789,86.384
35,14,95.574,87.303
35,15,109.358,91.898
35,16,122.224,86.384
35,17,135.089,87.303
35,18,147.955,82.708
35,19,153.469,86.384
35,20,162.659,90.06
35,21,179.2,86.384
35,22,187.471,80.87
35,23,197.58,79.032
35,24,211.364,84.546
35,25,215.959,93.736
35,26,225.149,91.898
35,27,235.258,90.979
35,28,241.69,89.141
35,29,249.042,86.384
35,30,264.665,90.06
35,31,274.774,92.817
35,32,283.044,90.06
35,33,295.91,90.06
35,34,307.857,88.222
35,35,320.722,93.736
35,36,325.317,96.493
35,37,336.345,93.736
36,1,0,0
36,2,5.514,-4.594
36,3,11.028,-2.757
36,4,22.056,-9.189
36,5,19.299,-23.893
36,6,29.407,-32.164
36,7,45.03,-37.678
36,8,62.49,-39.516
36,9,65.247,-42.272
36,10,80.87,-45.948
36,11,95.573,-49.624
36,12,102.006,-49.624
36,13,111.196,-48.705
36,14,117.629,-46.867
36,15,128.657,-33.083
36,16,135.089,-28.488
36,17,153.469,-24.812
36,18,163.578,-41.353
36,19,179.2,-43.191
36,20,192.985,-45.948
36,21,201.256,-51.462
36,22,210.445,-57.895
36,23,226.987,-56.057
36,24,235.258,-52.381
36,25,245.366,-50.543
36,26,256.394,-53.3
36,27,266.503,-62.49
36,28,271.098,-60.652
36,29,274.773,-59.733
36,30,282.125,-53.3
36,31,292.234,-52.381
36,32,298.667,-59.733
36,33,308.776,-66.166
36,34,316.127,-65.247
36,35,316.127,-60.652
36,36,324.398,-62.49
36,37,327.155,-60.652
37,1,0,0
37,2,-3.676,-3.676
37,3,-3.676,-14.704
37,4,-4.595,-21.137
37,5,-0.919,-28.489
37,6,-0.919,-37.678
37,7,8.27,-45.03
37,8,14.703,-48.706
37,9,20.217,-57.896
37,10,22.974,-62.491
37,11,31.245,-65.248
37,12,39.515,-65.248
37,13,54.219,-68.923
37,14,56.057,-70.761
37,15,59.733,-75.356
37,16,64.328,-76.275
37,17,69.842,-79.032
37,18,75.355,-79.032
37,19,83.626,-81.789
37,20,91.897,-79.951
37,21,95.573,-84.546
37,22,102.925,-90.06
37,23,111.195,-90.979
37,24,115.79,-90.979
37,25,123.142,-84.546
37,26,130.494,-81.789
37,27,137.846,-82.708
37,28,143.36,-87.303
37,29,153.468,-91.898
37,30,156.225,-98.331
37,31,167.253,-102.926
37,32,171.848,-105.682
37,33,181.037,-107.52
37,34,186.551,-105.682
37,35,194.822,-105.682
37,36,204.931,-104.763
37,37,207.688,-106.601
38,1,0,0
38,2,9.19,0
38,3,16.541,4.595
38,4,25.731,5.514
38,5,38.597,0
38,6,43.192,-3.676
38,7,53.3,-6.433
38,8,61.571,-6.433
38,9,71.68,-8.27
38,10,72.599,-10.108
38,11,81.789,-10.108
38,12,95.573,-12.865
38,13,104.763,-15.622
38,14,113.953,-18.379
38,15,117.629,-20.217
38,16,129.575,-23.893
38,17,136.008,-23.893
38,18,140.603,-36.759
38,19,144.279,-43.192
38,20,148.874,-52.381
38,21,153.469,-62.49
38,22,161.739,-65.247
38,23,159.901,-68.004
38,24,162.658,-69.842
38,25,168.172,-70.761
38,26,177.362,-69.842
38,27,182.876,-69.842
38,28,192.066,-70.761
38,29,194.822,-73.518
38,30,203.093,-68.004
38,31,211.364,-68.923
38,32,213.202,-71.68
38,33,216.878,-69.842
38,34,221.473,-63.409
38,35,226.068,-60.652
38,36,225.149,-57.895
38,37,224.23,-58.814
39,1,0,0
39,2,9.19,1.838
39,3,20.218,6.433
39,4,27.57,4.595
39,5,31.245,7.352
39,6,40.435,7.352
39,7,45.03,3.676
39,8,51.463,3.676
39,9,66.167,4.595
39,10,74.437,0.919
39,11,79.032,0
39,12,90.06,-1.837
39,13,100.169,-3.675
39,14,111.196,-2.756
39,15,118.548,-0.919
39,16,125.9,0
39,17,132.333,-3.675
39,18,139.684,-2.756
39,19,149.793,-3.675
39,20,163.578,-3.675
39,21,170.011,-6.432
39,22,179.2,-18.379
39,23,187.471,-18.379
39,24,201.256,-19.298
39,25,203.094,-16.541
39,26,215.04,-19.298
39,27,226.068,-21.136
39,28,226.068,-30.326
39,29,233.42,-36.759
39,30,245.367,-39.515
39,31,246.285,-38.596
39,32,253.637,-48.705
39,33,261.908,-51.462
39,34,264.665,-51.462
39,35,265.584,-54.219
39,36,278.45,-55.138
39,37,283.963,-52.381
40,1,0,0
40,2,7.352,3.676
40,3,13.785,8.271
40,4,22.055,12.865
40,5,32.164,20.217
40,6,40.435,27.569
40,7,51.463,31.245
40,8,56.058,35.84
40,9,65.247,39.516
40,10,69.842,44.111
40,11,79.951,42.273
40,12,81.789,40.435
40,13,90.06,44.111
40,14,96.492,45.948
40,15,113.034,42.273
40,16,112.115,42.273
40,17,117.629,41.354
40,18,127.738,43.192
40,19,127.738,40.435
40,20,134.17,36.759
40,21,145.198,36.759
40,22,150.712,35.84
40,23,161.74,32.164
40,24,169.091,34.921
40,25,175.524,34.921
40,26,179.2,33.083
40,27,182.876,32.164
40,28,191.147,29.407
40,29,198.499,24.812
40,30,204.012,29.407
40,31,207.688,28.488
40,32,215.959,27.569
40,33,215.959,27.569
40,34,220.554,27.569
40,35,224.23,27.569
40,36,232.501,25.731
40,37,231.582,25.731
41,1,0,0
41,2,6.433,0.919
41,3,9.19,6.433
41,4,22.055,13.784
41,5,22.974,18.379
41,6,37.678,26.65
41,7,44.111,33.083
41,8,34.002,49.624
41,9,34.002,59.733
41,10,41.354,68.004
41,11,42.273,75.356
41,12,47.786,85.464
41,13,38.597,93.735
41,14,41.354,102.925
41,15,43.192,110.277
41,16,45.948,119.466
41,17,49.624,130.494
41,18,46.867,144.279
41,19,45.948,160.82
41,20,51.462,158.063
41,21,57.895,165.415
41,22,68.923,169.091
41,23,78.113,173.686
41,24,89.14,175.524
41,25,98.33,170.01
41,26,113.034,170.929
41,27,120.385,176.443
41,28,127.737,180.119
41,29,133.251,181.957
41,30,140.603,188.39
41,31,147.036,191.146
41,32,162.658,190.227
41,33,168.172,189.309
41,34,176.443,189.309
41,35,181.038,190.227
41,36,188.39,186.552
41,37,193.903,189.309
42,1,0,0
42,2,5.513,1.838
42,3,19.298,6.432
42,4,28.488,10.108
42,5,42.272,15.622
42,6,50.543,13.784
42,7,65.247,12.865
42,8,76.274,11.027
42,9,91.897,13.784
42,10,106.601,12.865
42,11,119.466,14.703
42,12,137.846,18.379
42,13,140.603,19.298
42,14,153.468,7.351
42,15,167.253,-2.757
42,16,176.443,-8.271
42,17,185.632,-0.919
42,18,199.417,-1.838
42,19,206.769,-4.595
42,20,217.796,-3.676
42,21,228.824,-2.757
42,22,234.338,-2.757
42,23,241.69,3.676
42,24,249.042,7.351
42,25,262.826,7.351
42,26,271.097,11.027
42,27,274.773,11.027
42,28,282.125,11.027
42,29,282.125,17.46
42,30,290.395,22.055
42,31,299.585,24.812
42,32,302.342,21.136
42,33,306.937,22.974
42,34,316.127,20.217
42,35,322.56,25.731
42,36,334.506,30.326
42,37,340.939,40.434
43,1,0,0
43,2,9.189,0
43,3,23.893,-2.757
43,4,33.083,2.757
43,5,43.191,6.433
43,6,44.11,7.352
43,7,58.814,11.028
43,8,69.842,18.379
43,9,74.437,22.974
43,10,79.031,29.407
43,11,96.492,33.083
43,12,102.925,32.164
43,13,114.871,36.759
43,14,116.709,42.273
43,15,124.061,40.435
43,16,130.494,35.84
43,17,143.36,33.083
43,18,145.198,34.921
43,19,154.387,34.002
43,20,158.063,35.84
43,21,168.172,34.002
43,22,175.524,27.569
43,23,180.119,24.812
43,24,184.714,33.083
43,25,192.984,33.083
43,26,203.093,34.002
43,27,211.364,34.921
43,28,218.716,36.759
43,29,229.743,32.164
43,30,233.419,36.759
43,31,241.69,39.516
43,32,243.528,43.192
43,33,246.285,44.111
43,34,253.637,51.462
43,35,262.826,53.3
43,36,273.854,55.138
43,37,283.044,62.49
44,1,0,0
44,2,7.352,4.595
44,3,14.703,15.622
44,4,23.893,22.055
44,5,29.407,22.974
44,6,34.002,31.245
44,7,43.192,30.326
44,8,54.219,27.569
44,9,64.328,34.002
44,10,67.085,34.002
44,11,77.194,36.759
44,12,90.059,39.516
44,13,94.654,38.597
44,14,99.249,45.029
44,15,109.358,45.029
44,16,117.629,46.867
44,17,124.98,56.976
44,18,132.332,64.328
44,19,142.441,59.733
44,20,155.307,55.138
44,21,165.415,53.3
44,22,172.767,48.705
44,23,184.714,48.705
44,24,194.822,45.029
44,25,203.093,45.948
44,26,213.202,45.948
44,27,224.23,45.029
44,28,228.825,40.435
44,29,239.852,39.516
44,30,242.609,36.759
44,31,253.637,40.435
44,32,260.989,45.948
44,33,270.178,56.057
44,34,275.692,58.814
44,35,289.477,68.923
44,36,297.748,70.761
44,37,303.261,77.194
45,1,0,0
45,2,-6.433,-2.757
45,3,-4.595,4.595
45,4,0.919,4.595
45,5,7.352,-4.595
45,6,10.109,-12.866
45,7,17.461,-23.894
45,8,29.407,-31.245
45,9,38.597,-26.65
45,10,51.463,-25.732
45,11,56.057,-28.488
45,12,60.652,-33.083
45,13,75.356,-33.083
45,14,83.627,-34.921
45,15,90.06,-36.759
45,16,101.087,-36.759
45,17,105.682,-40.435
45,18,113.034,-35.84
45,19,119.467,-35.84
45,20,129.575,-36.759
45,21,135.089,-38.597
45,22,147.036,-41.354
45,23,155.307,-46.868
45,24,162.659,-48.706
45,25,168.172,-39.516
45,26,178.281,-35.84
45,27,190.228,-34.921
45,28,198.499,-39.516
45,29,198.499,-40.435
45,30,204.931,-45.949
45,31,214.121,-42.273
45,32,222.392,-45.03
45,33,227.906,-48.706
45,34,236.176,-45.949
45,35,249.042,-42.273
45,36,252.718,-35.84
45,37,249.042,-32.164
46,1,0,0
46,2,8.271,3.676
46,3,11.946,5.514
46,4,24.812,7.352
46,5,30.326,5.514
46,6,38.597,10.109
46,7,52.381,14.703
46,8,57.895,18.379
46,9,59.733,24.812
46,10,67.085,26.65
46,11,71.68,32.164
46,12,83.626,29.407
46,13,84.545,34.002
46,14,87.302,35.84
46,15,92.816,37.678
46,16,92.816,40.435
46,17,101.087,43.192
46,18,112.115,42.273
46,19,116.71,44.111
46,20,124.061,50.543
46,21,133.251,51.462
46,22,139.684,52.381
46,23,146.117,54.219
46,24,147.955,61.571
46,25,158.982,70.761
46,26,168.172,73.518
46,27,179.2,73.518
46,28,186.552,73.518
46,29,192.984,77.194
46,30,201.255,79.951
46,31,204.931,85.464
46,32,212.283,88.221
46,33,214.121,90.978
46,34,221.473,95.573
46,35,221.473,100.168
46,36,227.905,102.925
46,37,234.338,108.439
47,1,0,0
47,2,-2.757,-6.433
47,3,7.352,-9.19
47,4,11.947,-19.299
47,5,14.703,-25.731
47,6,16.541,-36.759
47,7,22.055,-41.354
47,8,29.407,-42.273
47,9,36.759,-39.516
47,10,49.624,-44.111
47,11,57.895,-43.192
47,12,63.409,-48.706
47,13,67.085,-53.301
47,14,72.599,-56.976
47,15,79.032,-61.571
47,16,85.464,-67.085
47,17,92.816,-72.599
47,18,102.925,-69.842
47,19,102.925,-79.951
47,20,113.953,-78.113
47,21,123.142,-88.222
47,22,129.575,-97.411
47,23,138.765,-92.816
47,24,145.198,-90.979
47,25,152.55,-95.573
47,26,158.063,-96.492
47,27,167.253,-91.897
47,28,174.605,-98.33
47,29,179.2,-102.925
47,30,190.228,-95.573
47,31,193.903,-88.222
47,32,200.336,-93.735
47,33,205.85,-91.897
47,34,213.202,-90.979
47,35,220.554,-90.979
47,36,227.905,-89.141
47,37,228.824,-85.465
48,1,0,0
48,2,5.514,1.838
48,3,7.352,6.433
48,4,11.947,9.19
48,5,19.298,16.541
48,6,18.379,17.46
48,7,27.569,22.055
48,8,28.488,29.407
48,9,34.002,33.083
48,10,42.273,35.84
48,11,45.03,36.759
48,12,51.462,33.083
48,13,54.219,33.083
48,14,58.814,33.083
48,15,60.652,34.921
48,16,59.733,35.84
48,17,68.923,37.678
48,18,69.842,41.354
48,19,68.923,35.84
48,20,79.951,38.597
48,21,89.14,34.921
48,22,92.816,33.083
48,23,90.978,32.164
48,24,97.411,34.921
48,25,93.735,35.84
48,26,105.682,35.84
48,27,109.358,35.84
48,28,110.277,34.002
48,29,110.277,31.245
48,30,115.791,33.083
48,31,117.629,36.759
48,32,124.98,32.164
48,33,130.494,28.488
48,34,135.089,31.245
48,35,138.765,31.245
48,36,142.441,32.164
48,37,145.198,36.759
49,1,0,0
49,2,3.676,-0.919
49,3,12.866,1.838
49,4,18.379,0
49,5,26.65,-3.676
49,6,36.759,-9.189
49,7,40.435,-8.27
49,8,46.868,-9.189
49,9,52.381,-5.514
49,10,58.814,-4.595
49,11,66.166,-7.352
49,12,68.923,-4.595
49,13,71.68,-4.595
49,14,72.599,-4.595
49,15,81.789,-1.838
49,16,84.546,0.919
49,17,90.059,10.109
49,18,100.168,10.109
49,19,104.763,6.433
49,20,112.115,6.433
49,21,122.224,0
49,22,126.818,0
49,23,135.089,-0.919
49,24,137.846,-1.838
49,25,143.36,0
49,26,148.874,-3.676
49,27,155.307,-11.946
49,28,158.064,-14.703
49,29,160.82,-22.055
49,30,170.929,-15.622
49,31,189.309,-11.027
49,32,185.633,-10.108
49,33,189.309,-11.027
49,34,198.498,-10.108
49,35,204.931,-11.027
49,36,214.121,-9.189
49,37,213.202,-3.676
50,1,0,0
50,2,8.271,7.352
50,3,6.433,11.947
50,4,14.704,11.947
50,5,22.056,19.299
50,6,22.975,24.812
50,7,31.245,19.299
50,8,37.678,22.975
50,9,44.111,18.38
50,10,46.868,16.542
50,11,47.787,19.299
50,12,56.058,14.704
50,13,56.977,14.704
50,14,63.409,12.866
50,15,68.004,11.947
50,16,74.437,11.947
50,17,74.437,11.028
50,18,78.113,14.704
50,19,85.465,11.028
50,20,85.465,9.19
50,21,85.465,7.352
50,22,85.465,3.676
50,23,89.141,0
50,24,97.412,5.514
50,25,94.655,5.514
50,26,98.33,4.595
50,27,99.249,5.514
50,28,99.249,4.595
50,29,102.006,2.757
50,30,108.439,8.271
50,31,113.034,11.947
50,32,118.548,7.352
50,33,124.981,11.028
50,34,124.062,11.028
50,35,128.657,14.704
50,36,129.576,12.866
50,37,133.252,14.704
